,Channel1,Channel2,Channel3,Channel4,Channel5,Channel6,Channel7,Channel8
Channel1,1.0,0.843716382851905,0.274423764819748,0.28353677045511766,0.23083717635665074,0.12688391905509125,0.34857231753006374,0.30430685658801315
Channel2,0.843716382851905,1.0,0.28858114228713755,0.3405023631411486,0.23788381781540183,0.14395889296109912,0.35254389208119424,0.3166828944847005
Channel3,0.274423764819748,0.28858114228713755,1.0,0.4107254694049113,0.5749648848805992,0.19968546596007222,0.4754388755144615,0.32773321278576456
Channel4,0.28353677045511766,0.3405023631411486,0.4107254694049113,1.0,0.27227880404283605,0.4626996579173151,0.34874096421897716,0.44732890298400607
Channel5,0.23083717635665074,0.23788381781540183,0.5749648848805992,0.27227880404283605,1.0,0.17044054994253108,0.6592345800473983,0.38842595671209734
Channel6,0.12688391905509125,0.14395889296109912,0.19968546596007222,0.4626996579173151,0.17044054994253108,1.0,0.24019608187948377,0.47037347456162404
Channel7,0.34857231753006374,0.35254389208119424,0.4754388755144615,0.34874096421897716,0.6592345800473983,0.24019608187948377,1.0,0.7719499831270663
Channel8,0.30430685658801315,0.3166828944847005,0.32773321278576456,0.44732890298400607,0.38842595671209734,0.47037347456162404,0.7719499831270663,1.0
