,Channel1,Channel2,Channel3,Channel4,Channel5,Channel6,Channel7,Channel8
Channel1,1.0,0.952752923948832,0.9115382253865256,0.888729386304539,0.9212672594492571,0.8875118503544737,0.9225167521291605,0.8854112612654604
Channel2,0.9527529239488319,1.0,0.8410215291006635,0.7901327318067551,0.8304230815954706,0.772173146026864,0.8338331082225461,0.7661435199819603
Channel3,0.9115382253865257,0.8410215291006635,1.0,0.9623411112867952,0.9617945134301694,0.9343186303109645,0.9632525302202803,0.9320050063538051
Channel4,0.8887293863045391,0.7901327318067553,0.9623411112867953,0.9999999999999999,0.9933764059035299,0.992004550258414,0.992834461093213,0.9905643766813472
Channel5,0.9212672594492571,0.8304230815954705,0.9617945134301694,0.99337640590353,1.0,0.9917848599089427,0.9997076229891497,0.9914096885926745
Channel6,0.8875118503544737,0.772173146026864,0.9343186303109646,0.9920045502584139,0.9917848599089426,1.0,0.9899503728712693,0.9987951358190427
Channel7,0.9225167521291606,0.8338331082225461,0.9632525302202803,0.9928344610932129,0.9997076229891497,0.9899503728712692,1.0,0.9902728887382956
Channel8,0.8854112612654605,0.7661435199819603,0.932005006353805,0.9905643766813473,0.9914096885926745,0.9987951358190427,0.9902728887382956,1.0
