,Channel1,Channel2,Channel3,Channel4,Channel5,Channel6,Channel7,Channel8
Channel1,1.0,0.9999465741760789,0.9963429188379185,0.9946310435439759,0.421435528011583,0.9287518189589761,0.31701939001320717,0.6902199030842512
Channel2,0.9999465741760789,1.0,0.9968954433742767,0.9953673331787378,0.4263488218070163,0.9315321417404144,0.3215202874141683,0.694141460314285
Channel3,0.9963429188379185,0.9968954433742767,1.0,0.9996692529913767,0.4420368370597151,0.9524452346129446,0.32404523538098273,0.7168840514034894
Channel4,0.9946310435439759,0.9953673331787378,0.9996692529913767,1.0,0.4550285120062061,0.9574050728276412,0.33802879854665213,0.7259466380037061
Channel5,0.421435528011583,0.4263488218070163,0.4420368370597151,0.4550285120062061,1.0,0.5854819510386762,0.9650749892553776,0.8644875273099412
Channel6,0.9287518189589761,0.9315321417404144,0.9524452346129446,0.9574050728276412,0.5854819510386762,1.0,0.45778599793646774,0.8365288034841498
Channel7,0.31701939001320717,0.3215202874141683,0.32404523538098273,0.33802879854665213,0.9650749892553776,0.45778599793646774,1.0,0.7539782708536691
Channel8,0.6902199030842512,0.694141460314285,0.7168840514034894,0.7259466380037061,0.8644875273099412,0.8365288034841498,0.7539782708536691,1.0
